trailingEps,forwardEps,heldPercentInsiders,heldPercentInstitutions,profitMargins,priceToSalesTrailing12Months,payOutRatio,fiveYearAvgDividendYield,beta,overallRisk,boardRisk,ESG_score
,,,,,,,,,,,22.3
,,,,,,,,,,,25.59
,,,,,,,,,,,25.59
,,,,,,,,,,,48.93
,,,,,,,,,,,45.31
,,,,,,,,,,,47.51
,,,,,,,,,,,28.07
,,,,,,,,,,,28.07
,,,,,,,,,,,24.58
,,,,,,,,,,,21.79
,,,,,,,,,,,56.3
,,,,,,,,,,,33.69
,,,,,,,,,,,56.07
,,,,,,,,,,,27.2
,,,,,,,,,,,16.49
,,,,,,,,,,,30.82
,,,,,,,,,,,30.82
,,,,,,,,,,,21.99
,,,,,,,,,,,22.77
,,,,,,,,,,,30.5
,,,,,,,,,,,30.5
,,,,,,,,,,,54.34
,,,,,,,,,,,28.51
,,,,,,,,,,,50.37
,,,,,,,,,,,50.36
,,,,,,,,,,,29.96
,,,,,,,,,,,24.04
,,,,,,,,,,,24.04
,,,,,,,,,,,29.6
,,,,,,,,,,,26.8
,,,,,,,,,,,21.72
,,,,,,,,,,,20.15
,,,,,,,,,,,21.01
,,,,,,,,,,,21.72
,,,,,,,,,,,22.16
,,,,,,,,,,,21.72
,,,,,,,,,,,22.22
,,,,,,,,,,,22.84
,,,,,,,,,,,30.45
,,,,,,,,,,,56.32
,,,,,,,,,,,22.84
,,,,,,,,,,,44.13
,,,,,,,,,,,44.14
,,,,,,,,,,,52.52
,,,,,,,,,,,51.25
,,,,,,,,,,,39.47
,,,,,,,,,,,21.12
,,,,,,,,,,,39.39
,,,,,,,,,,,18.09
,,,,,,,,,,,46.61
,,,,,,,,,,,23.6
,,,,,,,,,,,50.21
,,,,,,,,,,,46.92
,,,,,,,,,,,48.77
,,,,,,,,,,,22.48
,,,,,,,,,,,24.08
,,,,,,,,,,,24.28
,,,,,,,,,,,33.41
,,,,,,,,,,,25.35
,,,,,,,,,,,21.66
,,,,,,,,,,,22.98
,,,,,,,,,,,22.57
,,,,,,,,,,,24.53
,,,,,,,,,,,17.77
,,,,,,,,,,,28.1
,,,,,,,,,,,21.18
,,,,,,,,,,,50.46
,,,,,,,,,,,42.36
,,,,,,,,,,,54.91
,,,,,,,,,,,29.14
,,,,,,,,,,,21.48
,,,,,,,,,,,61.11
,,,,,,,,,,,23.19
,,,,,,,,,,,23.28
,,,,,,,,,,,23.88
,,,,,,,,,,,15.46
,,,,,,,,,,,24.08
,,,,,,,,,,,56.54
,,,,,,,,,,,33.41
,,,,,,,,,,,22.98
,,,,,,,,,,,25.86
,,,,,,,,,,,39.7
,,,,,,,,,,,49.54
,,,,,,,,,,,20.11
,,,,,,,,,,,22.65
,,,,,,,,,,,22.65
,,,,,,,,,,,51.38
,,,,,,,,,,,43.48
,,,,,,,,,,,22.22
,,,,,,,,,,,22.13
,,,,,,,,,,,22.22
,,,,,,,,,,,22.04
,,,,,,,,,,,51.44
,,,,,,,,,,,26.74
,,,,,,,,,,,26.74
,,,,,,,,,,,22.86
,,,,,,,,,,,28.0
,,,,,,,,,,,28.0
,,,,,,,,,,,22.46
,,,,,,,,,,,19.28
,,,,,,,,,,,20.01
,,,,,,,,,,,21.85
,,,,,,,,,,,22.27
,,,,,,,,,,,49.47
,,,,,,,,,,,22.27
,,,,,,,,,,,49.47
,,,,,,,,,,,22.27
,,,,,,,,,,,49.47
,,,,,,,,,,,22.09
,,,,,,,,,,,23.76
,,,,,,,,,,,22.51
0.35,0.76,0.41551,0.1765,0.09309,6.0794783,,1.84,0.551,,,27.36
0.35,30.06,0.41551,0.1765,0.09309,6.0873227,,1.84,0.551,,,27.36
,,,,,,,,,,,28.15
,,,,,,,,,,,28.15
,,,,,,,,,,,47.35
,,,,,,,,,,,22.95
-1.22,0.3,0.022330001,0.27139,0.02483,0.008495275,,,0.904,9,9,25.77
,,,,,,,,,,,30.45
,,,,,,,,,,,30.45
,,,,,,,,,,,30.45
,,,,,,,,,,,29.21
,,,,,,,,,,,24.82
,,,,,,,,,,,49.05
,,,,,,,,,,,51.61
,,,,,,,,,,,46.63
,,,,,,,,,,,44.19
1.33,1.61,0.51230997,0.17926,0.03482,2.337509,,5.85,1.283,6,2,21.1
,,,,,,,,,,,23.57
,,,,,,,,,,,23.57
,,,,,,,,,,,34.15
,,,,,,,,,,,34.94
,,,,,,,,,,,24.19
,,,,,,,,,,,24.19
,,,,,,,,,,,22.74
,,,,,,,,,,,51.3
,,,,,,,,,,,23.51
,,,,,,,,,,,23.2
,,,,,,,,,,,23.2
,,,,,,,,,,,27.91
,,,,,,,,,,,27.91
1.2,8.58,0.09967,0.60862,-0.00792,1.584753,,0.77,0.761,1,1,15.62
,,,,,,,,,,,25.42
,,,,,,,,,,,26.71
,,0.10055,0.03282,0.10045999,2.1680355,,,0.013,,,52.34
,,,,,,,,,,,20.09
,,,,,,,,,,,22.06
,,,,,,,,,,,26.33
,,,,,,,,,,,24.5
,,,,,,,,,,,22.22
,,,,,,,,,,,37.22
,,,,,,,,,,,39.82
,,,,,,,,,,,22.12
,,,,,,,,,,,27.16
,,,,,,,,,,,23.46
,,,,,,,,,,,23.8
,,,,,,,,,,,23.11
,,,,,,,,,,,20.58
,,,,,,,,,,,23.8
,,,,,,,,,,,23.8
,,,,,,,,,,,25.08
,,,,,,,,,,,25.08
,,,,,,,,,,,25.08
,,,,,,,,,,,22.88
,,,,,,,,,,,23.89
,,,,,,,,,,,38.53
,,,,,,,,,,,23.95
,,,,,,,,,,,20.62
,,,,,,,,,,,20.62
4.359,,0.00243,0.95399004,0.27434,0.09642399,,,0.867,3,2,18.77
136.07,152.41,0.54546,0.2183,0.20966,6.1467175,,1.63,0.794,4,2,22.11
,,,,,,,,,,,22.39
,,,,,,,,,,,20.62
,,,,,,,,,,,18.9
2.13,2.61,3.0000001e-05,0.3805,0.07506,1.1258253,,1.21,0.569,8,8,19.96
,,,,,,,,,,,25.4
,,,,,,,,,,,24.59
,,,,,,,,,,,21.89
,,,,,,,,,,,24.66
,,,,,,,,,,,27.02
,,,,,,,,,,,27.02
,,,,,,,,,,,19.84
,,,,,,,,,,,58.02
,,,,,,,,,,,19.84
,,,,,,,,,,,31.24
,,,,,,,,,,,23.36
,,,,,,,,,,,22.16
,,,,,,,,,,,18.53
,,,,,,,,,,,22.11
,,,,,,,,,,,22.94
,,,,,,,,,,,25.64
,,,,,,,,,,,22.94
,,,,,,,,,,,27.24
29.24,,0.75835997,0.14178,0.15632,5.220478,,0.83,0.543,5,4,38.3
29.24,,0.75835997,0.14178,0.15632,5.2239165,,0.83,0.543,5,4,38.3
,,,,,,,,,,,26.0
,,,,,,,,,,,26.89
,,,,,,,,,,,26.65
,,,,,,,,,,,29.54
,,,,,,,,,,,33.8
,,,,,,,,,,,47.02
,,,,,,,,,,,32.48
,,,,,,,,,,,27.63
,,,,,,,,,,,26.29
,,,,,,,,,,,23.47
,,,,,,,,,,,27.32
,,,,,,,,,,,28.05
,,,,,,,,,,,31.14
,,,,,,,,,,,30.51
,,,,,,,,,,,24.64
,,,,,,,,,,,35.26
,,,,,,,,,,,35.26
,,,,,,,,,,,32.48
,,,,,,,,,,,27.63
,,,,,,,,,,,24.63
,,,,,,,,,,,26.29
,,,,,,,,,,,23.47
,,,,,,,,,,,27.32
,,,,,,,,,,,22.08
,,,,,,,,,,,19.82
,,,,,,,,,,,23.7
,,,,,,,,,,,27.02
0.08,,0.02478,0.49300998,1.17619,14.618003,,1.37,1.072,,,56.85
-0.46,,0.01355,0.52782,,-13.063183,,0.67,0.743,,,25.23
135.93,,0.54675,0.1607,0.06436,0.28078428,,5.55,1.001,4,5,37.75
,,,,,,,,,,,30.45
,,,,,,,,,,,30.45
,,,,,,,,,,,30.45
,,,,,,,,,,,49.63
,,,,,,,,,,,22.97
,,,,,,,,,,,21.24
,,,,,,,,,,,22.97
,,,,,,,,,,,21.47
1.39,,0.00028,0.56608003,0.39007,0.023257911,,13.25,1.192,7,6,20.07
,,,,,,,,,,,45.61
,,,,,,,,,,,27.54
,,,,,,,,,,,23.65
,,,,,,,,,,,25.66
,,,,,,,,,,,60.63
,,,,,,,,,,,24.71
,,,,,,,,,,,24.71
,,,,,,,,,,,21.55
,,,,,,,,,,,23.35
,,,,,,,,,,,23.85
,,,,,,,,,,,23.14
,,,,,,,,,,,22.75
,,,,,,,,,,,22.75
,,,,,,,,,,,22.75
,,,,,,,,,,,21.86
0.56,0.47,0.00386,0.309,0.24745001,1.2724835,,4.96,1.343,1,2,22.38
,,,,,,,,,,,23.82
,,,,,,,,,,,38.97
,,,,,,,,,,,38.97
,,,,,,,,,,,38.97
,,,,,,,,,,,29.67
,,,,,,,,,,,38.97
,,,,,,,,,,,38.97
,,,,,,,,,,,29.67
,,,,,,,,,,,45.41
,,,,,,,,,,,21.55
,,,,,,,,,,,26.22
,,,,,,,,,,,20.63
,,,,,,,,,,,20.63
,,,,,,,,,,,20.63
22.2,30.29,0.01828,0.55962,0.077309996,0.99321836,,3.27,1.105,1,1,27.06
788.58,,0.70669,0.17325,0.1421,5.418776,,0.51,0.677,2,3,8.33
789.23,664.18,0.70669,0.17325,0.1421,5.4322124,,0.51,0.677,2,3,8.33
,,,,,,,,,,,22.67
3.171,,0.0108,0.94385004,0.08422,,,,1.406,5,8,23.33
,,,,,,,,,,,30.3
1.2,81.18,0.00187,0.69813,0.14467,1.402381,,2.21,1.136,1,1,9.62
,,,,,,,,,,,21.92
,,,,,,,,,,,21.92
,,,,,,,,,,,19.96
,,,,,,,,,,,19.96
1.66,1.54,0.42001,0.27184,7.13256,24.221708,,1.21,0.589,8,5,37.55
1.37,,0.13325,0.42738,0.94768,2.0631278,,5.72,0.988,,,28.5
-2.88,,0.04033,0.40755,,-17.302639,,2.36,1.094,,,25.93
,,,,,,,,,,,23.21
,,,,,,,,,,,24.52
,,,,,,,,,,,24.15
,,,,,,,,,,,24.23
,,,,,,,,,,,23.65
,,,,,,,,,,,24.0
,,,,,,,,,,,24.45
,,,,,,,,,,,22.19
,,,,,,,,,,,22.4
,,,,,,,,,,,22.02
,,,,,,,,,,,26.61
,,,,,,,,,,,26.61
,,,,,,,,,,,25.54
,,,,,,,,,,,43.43
,,,,,,,,,,,27.98
,,,,,,,,,,,22.05
0.95,,0.305,0.17002001,0.87053,11.79968,,2.19,0.682,,,20.63
,,,,,,,,,,,24.87
,,,,,,,,,,,23.49
,,,,,,,,,,,27.16
,,,,,,,,,,,30.75
,,,,,,,,,,,20.87
,,,,,,,,,,,23.38
-0.68,,0.0029699998,0.65668,,,,,,,,24.43
-2.43,,0.23663001,0.54402,,,,9.46,,,,26.22
,,,,,,,,,,,25.67
,,,,,,,,,,,21.27
,,,,,,,,,,,20.11
,,,,,,,,,,,24.56
,,,,,,,,,,,20.32
,,,,,,,,,,,26.74
1.92,4.37,0.02497,0.87191004,0.03957,1.0096442,,,2.037,3,2,16.69
,,,,,,,,,,,20.43
,,,,,,,,,,,20.43
,,,,,,,,,,,25.44
-0.05,1.1,0.00495,0.48348,-0.00343,0.67351764,,4.63,2.55,10,10,24.49
1.74,0.7,0.08392,0.90846,0.17186001,1.620955,,,2.06,2,2,48.57
,,,,,,,,,,,22.86
,,,,,,,,,,,29.18
,,,,,,,,,,,23.7
,,,,,,,,,,,23.7
,,,,,,,,,,,26.61
,,,,,,,,,,,22.39
,,,,,,,,,,,23.43
,,,,,,,,,,,23.43
,,,,,,,,,,,22.02
,,,,,,,,,,,44.61
18.686,,0.00426,1.0674,0.17916,0.019268798,,,1.343,4,4,26.13
8.198,,0.13501,0.87281996,0.0068699997,0.0018638473,,,0.446,3,5,12.75
,,,,,,,,,,,22.66
,,,,,,,,,,,22.66
,,,,,,,,,,,23.27
,,,,,,,,,,,20.21
,,,,,,,,,,,21.47
,,,,,,,,,,,20.21
,,,,,,,,,,,21.48
,,,,,,,,,,,23.12
,,,,,,,,,,,22.45
,,,,,,,,,,,23.79
,,,,,,,,,,,23.12
,,,,,,,,,,,20.64
,,,,,,,,,,,20.64
,,,,,,,,,,,20.64
,,,,,,,,,,,20.64
,,,,,,,,,,,25.98
,,,,,,,,,,,51.18
,,,,,,,,,,,24.67
2019.4,,0.19309,0.25213,0.12833999,0.048627976,,,0.307,10,8,23.32
,,,,,,,,,,,23.22
572.29,217.39,0.03312,0.45002997,0.11184,0.39352828,,3.49,0.109,9,9,35.77
,,0.0026699998,0.86052,0.18167,,,,0.629,7,9,23.6
,,,,,,,,,,,20.97
,,,,,,,,,,,22.65
0.45,,0.07263,0.09214,0.84363997,12.160035,,4.58,0.83,,,49.09
,,,,,,,,,,,54.47
,,,,,,,,,,,53.84
,,,,,,,,,,,20.33
,,,,,,,,,,,20.53
,,,,,,,,,,,20.44
,,,,,,,,,,,20.44
,,,,,,,,,,,23.05
,,,,,,,,,,,24.79
,,,,,,,,,,,24.79
,,,,,,,,,,,23.05
,,,,,,,,,,,24.71
3.695,,0.00161,0.8085,0.0109399995,0.026293825,,,0.42,5,3,21.63
,,,,,,,,,,,29.83
,,,,,,,,,,,16.18
,,,,,,,,,,,20.82
,,,,,,,,,,,32.78
,,,,,,,,,,,22.06
,,,,,,,,,,,25.64
1.76,1.6,0.29393,0.65693,0.09604,0.6391455,,1.93,1.689,4,7,17.03
,,,,,,,,,,,32.36
,,,,,,,,,,,55.81
8.53,9.07,0.01623,0.78793,0.33426,6.7792296,,1.75,0.658,1,1,13.97
,,,,,,,,,,,40.3
,,,,,,,,,,,20.24
,,,,,,,,,,,29.54
,,,,,,,,,,,29.54
,,,,,,,,,,,29.54
,,,,,,,,,,,25.72
,,,,,,,,,,,25.72
,,,,,,,,,,,25.72
,,,,,,,,,,,25.72
1.267,,0.00373,0.99611,0.05158,0.017525202,,,1.505,1,2,27.09
,,,,,,,,,,,24.44
,,,,,,,,,,,24.44
5.23,3.26,0.111540005,0.48553002,0.05567,0.007417206,,3.1,1.424,2,3,21.91
,,,,,,,,,,,24.44
,,,,,,,,,,,21.92
,,,,,,,,,,,22.39
,,,,,,,,,,,15.64
,,,,,,,,,,,23.17
,,,,,,,,,,,20.73
2.409,,0.00099,0.83942,0.11821,0.038680926,,,0.412,3,5,26.17
,,,,,,,,,,,21.59
-4.33,0.36,0.04264,0.8549,-0.25062,0.051983092,,,1.97,6,6,14.53
,,,,,,,,,,,26.27
2.15,,0.00478,0.86716,0.08093,0.0113471085,,,0.406,8,8,30.83
,,,,,,,,,,,24.99
,,,,,,,,,,,24.99
9.647,,0.0015199999,0.83450997,0.18937,0.023300193,,,1.244,5,7,33.91
,,,,,,,,,,,21.59
-3.67,,0.00041,0.21628,,,,13.64,,,,47.35
,,,,,,,,,,,22.07
,,,,,,,,,,,24.1
,,,,,,,,,,,21.09
0.169,,0.59981,0.39553002,0.05388,0.014631762,,,1.833,8,7,26.63
4.24,4.58,0.24714,0.33929002,0.04478,1.1489371,,0.69,0.874,7,9,22.96
,,,,,,,,,,,25.62
,,,,,,,,,,,22.29
,,,,,,,,,,,23.56
1.22,184.62,0.00932,0.69589996,0.10090999,4.080688,,1.61,0.709,6,2,20.87
,,,,,,,,,,,56.12
,,,,,,,,,,,16.53
,,,,,,,,,,,26.12
,,,,,,,,,,,23.28
,,,,,,,,,,,22.27
,,,,,,,,,,,22.27
,,,,,,,,,,,24.03
1.025,,0.77658,0.03093,0.05237,0.00804954,,,0.702,7,5,62.33
,,,,,,,,,,,23.88
,,,,,,,,,,,23.88
,,,,,,,,,,,23.88
,,,,,,,,,,,21.71
0.41,0.46,0.61188,0.11573,0.051119998,0.7545874,,2.8,0.37,8,8,44.29
2.34,3.05,0.11106,0.45362,0.1437,2.557555,,1.47,0.143,6,4,29.96
0.19,,,0.14754,0.10457,7.933762,,7.35,0.837,,,27.2
,,,,,,,,,,,48.62
,,,,,,,,,,,22.73
,,,,,,,,,,,30.7
,,,,,,,,,,,37.55
,,,,,,,,,,,26.16
0.54,0.62,0.29673,0.31121,0.18675,2.4563272,,2.03,,8,5,33.97
,,,,,,,,,,,22.05
,,,,,,,,,,,22.05
0.53,0.25,0.58429,0.055760004,0.04512,1.9760388,,,1.011,,,38.73
,,,,,,,,,,,23.15
,,,,,,,,,,,49.62
,,,,,,,,,,,22.15
0.25,55.5,0.0147,0.08049,0.90476996,14.247968,,4.97,0.668,,,22.69
,,,,,,,,,,,28.87
,,,,,,,,,,,26.48
,,,,,,,,,,,26.83
,,,,,,,,,,,26.91
,,,,,,,,,,,26.91
,,,,,,,,,,,22.15
,,,,,,,,,,,22.16
,,,,,,,,,,,21.3
,,,,,,,,,,,20.64
96.78,97.29,0.014450001,0.53346,0.12375,6.26543,,1.07,0.298,1,1,23.67
1.25,1.74,0.24223,0.56132,0.04763,0.8464023,,0.96,0.601,10,7,30.19
1138.86,1309.75,0.11528,0.48549998,0.04512,0.6665904,,4.26,0.36,3,4,22.8
,,,,,,,,,,,59.45
,,,,,,,,,,,59.45
,,,,,,,,,,,59.45
,,,,,,,,,,,20.47
,,,,,,,,,,,20.47
,,,,,,,,,,,22.22
,,,,,,,,,,,24.83
,,,,,,,,,,,22.26
,,,,,,,,,,,26.56
,,,,,,,,,,,26.56
,,,,,,,,,,,26.56
,,,,,,,,,,,26.56
,,,,,,,,,,,22.38
,,,,,,,,,,,22.9
,,,,,,,,,,,30.03
,,,,,,,,,,,30.03
,,,,,,,,,,,30.88
,,,,,,,,,,,22.4
,,,,,,,,,,,29.44
,,,,,,,,,,,32.61
,,,,,,,,,,,27.08
,,,,,,,,,,,24.25
,,,,,,,,,,,36.24
,,,,,,,,,,,30.03
,,,,,,,,,,,38.43
,,,,,,,,,,,28.39
,,,,,,,,,,,24.25
,,,,,,,,,,,32.07
4.57,,0.06841,0.2741,15.734659,68.57825,,6.9,0.936,,,21.27
,,,,,,,,,,,19.53
,,,,,,,,,,,23.84
,,,,,,,,,,,22.91
,,,,,,,,,,,22.91
,,,,,,,,,,,21.04
,,,,,,,,,,,21.38
,,,,,,,,,,,29.45
,,,,,,,,,,,24.07
,,,,,,,,,,,24.07
,,,,,,,,,,,24.37
,,,,,,,,,,,24.37
,,,,,,,,,,,23.65
,,,,,,,,,,,23.65
,,,,,,,,,,,22.74
,,,,,,,,,,,22.8
,,,,,,,,,,,22.8
,,,,,,,,,,,22.8
,,,,,,,,,,,22.8
3.32,3.87,0.02902,0.46874002,0.16627,5.1869006,,0.33,0.574,3,4,21.66
,,,,,,,,,,,21.9
,,,,,,,,,,,24.04
,,,,,,,,,,,25.48
,,,,,,,,,,,23.57
,,,,,,,,,,,23.57
,,,,,,,,,,,15.59
,,,,,,,,,,,20.87
,,,,,,,,,,,21.0
,,,,,,,,,,,20.95
313.01,129.95,0.08434,0.68083,0.19243,3.7617857,,0.62,0.351,4,3,26.59
,,,,,,,,,,,28.71
,,,,,,,,,,,21.69
,,,,,,,,,,,24.25
,,,,,,,,,,,25.03
2.995,,0.00233,0.75597,0.03505,,,,1.222,5,5,28.6
,,,,,,,,,,,29.89
,,,,,,,,,,,29.89
,,,,,,,,,,,26.11
,,,,,,,,,,,29.89
,,,,,,,,,,,29.89
,,,,,,,,,,,29.89
,,,,,,,,,,,29.89
,,,,,,,,,,,29.89
,,,,,,,,,,,29.89
,,,,,,,,,,,29.89
,,,,,,,,,,,29.89
,,,,,,,,,,,29.89
,,,,,,,,,,,29.89
,,,,,,,,,,,24.46
,,,,,,,,,,,24.46
,,,,,,,,,,,24.46
,,,,,,,,,,,29.89
,,,,,,,,,,,29.89
,,,,,,,,,,,20.52
,,,,,,,,,,,29.89
,,,,,,,,,,,20.57
,,,,,,,,,,,29.85
,,,,,,,,,,,22.17
,,,,,,,,,,,25.22
,,,,,,,,,,,22.36
,,,,,,,,,,,28.0
,,,,,,,,,,,28.0
,,,,,,,,,,,46.89
-0.18,,0.0072000003,0.42181998,,-11.099587,,3.89,0.538,,,26.78
,,,,,,,,,,,17.89
,,,,,,,,,,,17.89
,,,,,,,,,,,17.89
,,,,,,,,,,,17.89
,,,,,,,,,,,21.6
,,,,,,,,,,,33.7
,,,,,,,,,,,49.51
,,,,,,,,,,,44.59
3.57,3.36,0.00087,0.30831,0.13804,1.8070813,,4.67,0.282,4,2,33.81
,,,,,,,,,,,26.99
,,,,,,,,,,,24.76
,,,,,,,,,,,27.61
,,,,,,,,,,,31.42
,,,,,,,,,,,20.37
,,,,,,,,,,,26.98
,,,,,,,,,,,27.29
,,,,,,,,,,,49.0
,,,,,,,,,,,26.87
,,,,,,,,,,,24.77
,,,,,,,,,,,24.77
,,,,,,,,,,,30.91
,,,,,,,,,,,30.91
,,,,,,,,,,,30.23
,,,,,,,,,,,19.31
,,,,,,,,,,,20.38
,,,,,,,,,,,20.21
,,,,,,,,,,,24.79
,,,,,,,,,,,24.79
,,,,,,,,,,,21.56
,,,,,,,,,,,20.18
,,,,,,,,,,,20.18
84.11,77.6,0.03926,0.41050997,0.01827,0.15811734,,4.71,0.482,3,5,31.71
,,,,,,,,,,,27.18
,,,,,,,,,,,27.18
,,,,,,,,,,,27.18
,,,,,,,,,,,27.18
,,,,,,,,,,,28.89
,,,,,,,,,,,28.89
,,,,,,,,,,,28.89
,,,,,,,,,,,28.89
,,,,,,,,,,,26.4
,,,,,,,,,,,19.22
-7.94,5.82,0.00265,0.6451,-0.10042,0.73142225,,2.47,0.366,3,3,16.54
,,,,,,,,,,,22.23
,,,,,,,,,,,24.41
,,,,,,,,,,,24.41
,,,,,,,,,,,24.41
,,,,,,,,,,,23.62
,,,,,,,,,,,22.87
,,,,,,,,,,,20.62
,,,,,,,,,,,20.62
,,,,,,,,,,,20.66
,,,,,,,,,,,21.94
,,,,,,,,,,,19.22
,,,,,,,,,,,17.39
,,,,,,,,,,,20.85
,,,,,,,,,,,21.75
2.643,,0.00208,0.8536,0.10715,0.01636902,,,0.605,3,1,22.86
,,,,,,,,,,,20.17
,,,,,,,,,,,25.05
,,,,,,,,,,,25.05
,,,,,,,,,,,21.96
,,,,,,,,,,,21.96
,,,,,,,,,,,58.36
,,,,,,,,,,,58.36
,,,,,,,,,,,52.7
,,,,,,,,,,,23.04
,,,,,,,,,,,23.52
,,,,,,,,,,,23.9
,,,,,,,,,,,23.57
12.27,14.99,0.58981,0.24441,0.06033,0.8614897,,4.59,0.808,4,6,29.32
12.28,,0.58981,0.24441,0.06033,0.8614897,,4.59,0.808,4,6,29.32
,,,,,,,,,,,24.5
,,,,,,,,,,,20.54
,,,,,,,,,,,29.32
,,,,,,,,,,,15.83
,,,,,,,,,,,15.83
,,,,,,,,,,,15.83
,,,,,,,,,,,15.83
,,,,,,,,,,,15.83
9.479,,0.03108,0.93382,0.14939,0.073417455,,,1.289,1,3,18.93
,,,,,,,,,,,15.83
,,,,,,,,,,,21.93
,,,,,,,,,,,26.86
,,,,,,,,,,,24.11
,,,,,,,,,,,21.28
,,,,,,,,,,,23.23
,,,,,,,,,,,18.71
,,,,,,,,,,,24.49
,,,,,,,,,,,23.07
,,,,,,,,,,,23.07
,,,,,,,,,,,23.07
,,,,,,,,,,,23.07
,,,,,,,,,,,23.07
,,,,,,,,,,,31.71
,,,,,,,,,,,31.71
,,,,,,,,,,,22.93
,,,,,,,,,,,25.7
,,,,,,,,,,,48.57
,,,,,,,,,,,41.33
,,,,,,,,,,,28.63
,,,,,,,,,,,33.81
,,,,,,,,,,,24.77
,,,,,,,,,,,25.27
1.18,0.99,0.29768,0.30066,0.06348,0.008671276,,2.36,0.533,2,6,28.58
,,,,,,,,,,,20.23
,,,,,,,,,,,20.23
,,,,,,,,,,,20.23
,,,,,,,,,,,20.23
,,,,,,,,,,,15.35
,,,,,,,,,,,20.6
,,,,,,,,,,,24.3
,,,,,,,,,,,29.54
,,,,,,,,,,,29.54
,,,,,,,,,,,29.54
,,,,,,,,,,,21.73
,,,,,,,,,,,21.73
,,,,,,,,,,,21.73
,,,,,,,,,,,58.12
,,,,,,,,,,,15.27
,,,,,,,,,,,22.73
,,,,,,,,,,,23.62
,,,,,,,,,,,21.05
17.5,,0.63453,0.21554,0.1283,9.042447,,0.88,0.33,6,6,28.39
17.5,22.07,0.63453,0.21554,0.1283,9.056404,,0.88,0.33,6,6,28.39
,,,,,,,,,,,23.62
,,,,,,,,,,,21.55
,,,,,,,,,,,36.48
,,,,,,,,,,,23.87
85.4,23.11,0.47518003,0.22986999,0.04438,1.1807976,,0.53,0.548,10,10,43.12
85.23,41.74,0.47518003,0.22986999,0.04438,1.178093,,0.53,0.548,10,10,43.12
,,,,,,,,,,,24.46
,,,,,,,,,,,25.69
,,,,,,,,,,,15.5
,,,,,,,,,,,16.25
,,,,,,,,,,,16.25
,,,,,,,,,,,24.2
,,,,,,,,,,,40.46
,,,,,,,,,,,21.48
,,,,,,,,,,,20.55
,,,,,,,,,,,15.77
,,,,,,,,,,,15.77
,,,,,,,,,,,51.55
,,,,,,,,,,,25.23
,,,,,,,,,,,22.4
-0.01,2.08,0.20114,0.603,-0.21301001,5.6001735,,7.94,2.28,8,3,10.54
,,,,,,,,,,,23.54
-1.16,,0.00046,0.07574,-0.65515,9.338005,,8.24,0.869,,,29.33
243.83,275.47,0.03754,0.34080002,0.05941,1.10515,,1.27,0.114,4,3,27.9
0.69,62.55,0.25767002,0.57104,0.4005,4.475181,,3.32,0.616,3,2,19.56
,,,,,,,,,,,22.3
,,,,,,,,,,,19.49
,,,,,,,,,,,23.65
,,,,,,,,,,,21.86
,,,,,,,,,,,25.43
,,,,,,,,,,,18.62
,,,,,,,,,,,30.53
,,,,,,,,,,,23.85
57.91,,0.61245,0.24976,0.14509,330.9105,,2.42,0.627,2,4,12.92
,,,,,,,,,,,19.48
,,,,,,,,,,,21.65
-0.35,,0.00123,0.087419994,,-7.6512294,,8.12,0.645,,,24.83
,,,,,,,,,,,21.65
,,,,,,,,,,,21.65
,,,,,,,,,,,22.67
,,,,,,,,,,,19.48
,,,,,,,,,,,21.53
,,,,,,,,,,,29.99
,,,,,,,,,,,25.94
,,,,,,,,,,,22.1
,,,,,,,,,,,25.94
,,,,,,,,,,,25.94
,,,,,,,,,,,25.94
,,,,,,,,,,,25.45
,,,,,,,,,,,25.94
,,,,,,,,,,,24.42
-181.53,44.15,0.52833,0.15057,-0.06774,0.19331102,,2.1,0.997,6,6,30.22
,,,,,,,,,,,21.38
854.78,638.5,0.04271,0.44092,0.08027001,1.2692925,,1.98,0.727,1,1,30.63
,,,,,,,,,,,22.05
,,,,,,,,,,,26.97
,,,,,,,,,,,26.97
,,,,,,,,,,,30.75
,,,,,,,,,,,22.57
,,,,,,,,,,,33.58
,,,,,,,,,,,30.04
,,,,,,,,,,,21.08
,,,,,,,,,,,23.61
,,,,,,,,,,,35.94
,,,,,,,,,,,53.77
,,,,,,,,,,,21.47
,,,,,,,,,,,53.77
,,,,,,,,,,,24.06
2.11,4.39,0.00746,0.99441004,0.12977,4.437631,,,1.0,6,6,25.0
,,,,,,,,,,,28.2
,,,,,,,,,,,29.64
1.75,,0.00219,0.89212996,0.06548,0.015106609,,,0.267,8,7,30.0
0.359,,0.013150001,1.04127,0.13918,0.029259155,,,1.325,7,6,13.35
-0.21,,0.01454,0.23010999,,-12.464612,,2.78,1.22,,,47.93
0.9,0.95,0.00312,0.44349,0.41759998,2.0701199,,5.98,0.593,2,3,25.47
,,,,,,,,,,,22.05
,,,,,,,,,,,25.01
,,,,,,,,,,,25.01
,,,,,,,,,,,27.57
,,,,,,,,,,,28.63
,,,,,,,,,,,21.6
,,,,,,,,,,,22.05
-0.81,,0.042880002,0.27772,,-10.514957,,2.69,1.26,,,23.66
,,,,,,,,,,,26.55
,,,,,,,,,,,26.55
,,,,,,,,,,,26.55
,,,,,,,,,,,54.16
,,,,,,,,,,,19.99
,,,,,,,,,,,20.6
,,,,,,,,,,,20.6
,,,,,,,,,,,24.28
,,,,,,,,,,,16.9
,,,,,,,,,,,23.74
,,,,,,,,,,,53.77
,,,,,,,,,,,57.85
,,,,,,,,,,,31.85
,,,,,,,,,,,34.09
0.13,0.32,0.05,0.32685003,0.01914,0.5719518,,6.97,0.393,8,9,49.7
0.38,0.99,0.12841,0.38013,0.0332,0.5056088,,4.51,,10,10,47.53
,,,,,,,,,,,31.21
,,,,,,,,,,,30.92
,,,,,,,,,,,25.16
,,,,,,,,,,,25.16
,,,,,,,,,,,24.15
,,,,,,,,,,,22.21
,,,,,,,,,,,25.06
,,,,,,,,,,,34.28
,,,,,,,,,,,32.22
,,,,,,,,,,,46.88
,,,,,,,,,,,32.95
,,,,,,,,,,,30.06
,,,,,,,,,,,46.88
,,,,,,,,,,,42.15
,,,,,,,,,,,18.87
,,,,,,,,,,,19.62
,,,,,,,,,,,23.67
,,,,,,,,,,,23.07
,,,,,,,,,,,23.07
,,,,,,,,,,,22.98
,,,,,,,,,,,22.73
,,,,,,,,,,,22.73
,,,,,,,,,,,22.71
,,,,,,,,,,,22.71
0.17,,0.04165,0.50141996,0.65078,24.01697,,4.18,0.211,,,29.52
,,,,,,,,,,,30.26
,,,,,,,,,,,30.26
,,,,,,,,,,,22.8
,,,,,,,,,,,25.67
59.45,,0.0232,0.53349,0.30733,5.502284,,0.99,0.816,1,1,23.96
59.43,37.94,0.0232,0.53349,0.30733,5.500251,,0.99,0.816,1,1,23.96
,,,,,,,,,,,34.44
,,,,,,,,,,,21.11
,,,,,,,,,,,20.67
,,,,,,,,,,,29.73
,,,,,,,,,,,21.46
,,,,,,,,,,,23.99
,,,,,,,,,,,25.85
,,,,,,,,,,,21.97
,,,,,,,,,,,25.82
,,,,,,,,,,,25.71
,,,,,,,,,,,43.28
,,,,,,,,,,,20.75
,,,,,,,,,,,26.87
,,,,,,,,,,,27.01
,,,,,,,,,,,21.13
,,,,,,,,,,,23.57
,,,,,,,,,,,23.57
,,,,,,,,,,,23.57
,,,,,,,,,,,28.1
,,,,,,,,,,,56.4
,,,,,,,,,,,20.29
,,,,,,,,,,,26.96
,,,,,,,,,,,19.83
,,,,,,,,,,,19.83
,,,,,,,,,,,23.45
,,,,,,,,,,,23.45
,,,,,,,,,,,23.3
,,,,,,,,,,,23.3
,,,,,,,,,,,23.14
,,,,,,,,,,,23.14
,,,,,,,,,,,23.14
,,,,,,,,,,,23.14
,,,,,,,,,,,51.25
,,,,,,,,,,,27.34
,,,,,,,,,,,22.45
,,,,,,,,,,,22.59
,,,,,,,,,,,53.01
,,,,,,,,,,,25.16
,,,,,,,,,,,22.21
,,,,,,,,,,,21.42
,,,,,,,,,,,28.7
,,,,,,,,,,,23.96
,,,,,,,,,,,20.04
,,,,,,,,,,,25.27
,,,,,,,,,,,22.09
,,,,,,,,,,,35.61
,,,,,,,,,,,21.55
,,,,,,,,,,,24.82
,,,,,,,,,,,22.66
,,,,,,,,,,,27.2
,,,,,,,,,,,24.86
,,,,,,,,,,,24.04
,,,,,,,,,,,24.03
,,,,,,,,,,,24.03
8.51,,0.00338,0.82781,0.18358,0.054142576,,,1.144,5,8,25.29
,,,,,,,,,,,25.68
,,,,,,,,,,,25.68
,,,,,,,,,,,25.68
,,,,,,,,,,,19.96
,,,,,,,,,,,21.47
,,,,,,,,,,,23.34
,,,,,,,,,,,23.16
,,,,,,,,,,,13.64
,,,,,,,,,,,19.56
,,,,,,,,,,,24.56
,,,,,,,,,,,22.18
,,,,,,,,,,,27.02
,,,,,,,,,,,27.02
,,,,,,,,,,,24.74
,,,,,,,,,,,27.57
,,,,,,,,,,,23.49
,,,,,,,,,,,23.49
,,,,,,,,,,,24.59
,,,,,,,,,,,24.41
,,,,,,,,,,,24.41
,,,,,,,,,,,24.41
,,,,,,,,,,,24.41
,,,,,,,,,,,21.77
,,,,,,,,,,,24.93
2.65,5.46,0.01575,1.0016,0.1617,3.5383217,,,0.655,8,7,24.76
4.196,,0.01575,1.0016,0.1617,0.034243014,,,0.655,8,7,24.76
,,,,,,,,,,,21.9
,,,,,,,,,,,21.9
,,,,,,,,,,,32.18
,,,,,,,,,,,23.11
,,,,,,,,,,,23.11
7.68,13.87,0.00622,1.0507599,0.16430001,3.9729044,,,1.105,3,2,17.15
,,,,,,,,,,,27.05
,,,,,,,,,,,19.97
,,,,,,,,,,,22.08
,,,,,,,,,,,21.55
,,,,,,,,,,,20.13
,,,,,,,,,,,32.31
,,,,,,,,,,,23.28
,,,,,,,,,,,30.4
58.78,67.0,0.15981,0.46952,0.15912,346.9012,,2.12,0.556,2,2,13.08
58.76,,0.15981,0.46952,0.15912,347.09073,,2.12,0.556,2,2,13.08
0.25,56.58,0.0058399998,0.79737,0.13136,3.5358753,,2.92,1.097,6,3,10.21
,,,,,,,,,,,41.33
,,,,,,,,,,,41.33
,,,,,,,,,,,41.33
,,,,,,,,,,,35.61
,,,,,,,,,,,23.53
,,,,,,,,,,,20.47
,,,,,,,,,,,24.72
,,,,,,,,,,,24.72
287.07,286.86,0.30607998,0.37487,0.17155,1.342656,,3.76,0.907,8,7,36.14
,,,,,,,,,,,24.6
,,,,,,,,,,,27.04
,,,,,,,,,,,25.74
,,,,,,,,,,,28.93
,,,,,,,,,,,28.93
,,,,,,,,,,,21.63
,,,,,,,,,,,21.93
,,,,,,,,,,,20.86
,,,,,,,,,,,17.45
,,,,,,,,,,,23.27
,,,,,,,,,,,19.77
,,,,,,,,,,,20.68
,,,,,,,,,,,21.16
,,,,,,,,,,,21.16
,,,,,,,,,,,21.16
,,,,,,,,,,,21.16
,,,,,,,,,,,21.16
,,,,,,,,,,,21.16
,,,,,,,,,,,22.31
,,,,,,,,,,,24.19
,,,,,,,,,,,19.07
,,,,,,,,,,,24.19
,,,,,,,,,,,22.85
,,,,,,,,,,,25.48
,,,,,,,,,,,25.48
9.79,18.87,0.028719999,0.88021004,0.18351999,11.864885,,0.62,1.215,1,1,16.41
,,,,,,,,,,,23.49
,,,,,,,,,,,24.73
0.73,76.18,0.05154,0.73614997,0.4164,1.4806906,,6.28,1.095,4,1,17.32
34.03,20.85,0.7339,0.13869001,0.059970003,0.28985682,,6.81,0.771,7,6,41.92
,,,,,,,,,,,22.81
,,,,,,,,,,,21.68
,,,,,,,,,,,21.68
,,,,,,,,,,,21.47
,,,,,,,,,,,23.51
,,,,,,,,,,,29.66
,,,,,,,,,,,22.06
,,,,,,,,,,,57.43
,,,,,,,,,,,58.94
,,,,,,,,,,,58.94
,,,,,,,,,,,24.43
,,,,,,,,,,,23.38
,,,,,,,,,,,23.7
,,,,,,,,,,,23.17
,,,,,,,,,,,23.17
,,,,,,,,,,,23.17
,,,,,,,,,,,27.6
,,,,,,,,,,,21.58
,,,,,,,,,,,28.1
,,,,,,,,,,,27.33
,,,,,,,,,,,20.23
,,,,,,,,,,,23.03
,,,,,,,,,,,24.23
,,,,,,,,,,,21.88
,,,,,,,,,,,23.7
,,,,,,,,,,,24.26
,,,,,,,,,,,22.67
,,,,,,,,,,,21.01
,,,,,,,,,,,54.14
,,,,,,,,,,,24.01
,,,,,,,,,,,15.73
,,,,,,,,,,,30.82
,,,,,,,,,,,24.01
,,,,,,,,,,,18.71
,,,,,,,,,,,27.4
,,,,,,,,,,,24.07
,,,,,,,,,,,24.07
,,,,,,,,,,,15.69
,,,,,,,,,,,23.24
,,,,,,,,,,,23.24
,,,,,,,,,,,23.78
,,,,,,,,,,,23.78
,,,,,,,,,,,23.78
,,,,,,,,,,,16.9
,,,,,,,,,,,21.26
,,,,,,,,,,,23.78
,,,,,,,,,,,21.29
,,,,,,,,,,,23.0
,,,,,,,,,,,25.33
,,,,,,,,,,,22.94
,,,,,,,,,,,18.65
,,,,,,,,,,,44.37
,,,,,,,,,,,21.04
,,,,,,,,,,,22.3
,,,,,,,,,,,23.62
,,,,,,,,,,,25.18
0.99,,0.06141,0.46207002,0.96436,9.307992,,1.11,0.675,,,21.15
,,,,,,,,,,,25.58
,,,,,,,,,,,25.58
6.01,,0.33909,0.18676001,0.01903,0.0036539559,,,0.448,10,10,38.24
1.7,,0.33909,0.18676001,0.01903,0.0050064665,,3.02,0.448,10,10,38.24
,,,,,,,,,,,23.73
,,,,,,,,,,,24.54
,,,,,,,,,,,25.11
,,,,,,,,,,,25.11
,,,,,,,,,,,23.73
,,,,,,,,,,,25.11
,,,,,,,,,,,21.54
,,,,,,,,,,,19.59
,,,,,,,,,,,21.54
,,,,,,,,,,,21.72
,,,,,,,,,,,17.35
,,,,,,,,,,,17.35
,,,,,,,,,,,17.35
,,,,,,,,,,,17.35
,,,,,,,,,,,17.35
,,,,,,,,,,,21.02
,,,,,,,,,,,21.02
,,,,,,,,,,,21.02
,,,,,,,,,,,26.28
,,,,,,,,,,,25.73
,,,,,,,,,,,24.13
,,,,,,,,,,,30.15
,,,,,,,,,,,30.15
,,,,,,,,,,,19.42
,,,,,,,,,,,24.03
,,,,,,,,,,,26.0
,,,,,,,,,,,23.25
,,,,,,,,,,,21.88
,,,,,,,,,,,24.51
,,,,,,,,,,,21.28
,,,,,,,,,,,24.28
,,,,,,,,,,,23.23
,,,,,,,,,,,23.51
,,,,,,,,,,,23.38
,,,,,,,,,,,25.19
,,,,,,,,,,,28.56
,,,,,,,,,,,30.21
,,,,,,,,,,,27.95
,,,,,,,,,,,24.16
0.08,,0.00385,0.47992,0.75259,28.207335,,4.59,0.459,,,28.19
,,,,,,,,,,,26.34
,,,,,,,,,,,25.47
,,,,,,,,,,,27.48
,,,,,,,,,,,21.79
,,,,,,,,,,,28.73
,,,,,,,,,,,23.12
,,,,,,,,,,,23.12
-70.98,80.38,0.040209997,0.52476,-0.03592,0.57181364,,3.38,0.741,4,4,23.33
,,,,,,,,,,,22.07
,,,,,,,,,,,30.71
,,,,,,,,,,,19.98
,,,,,,,,,,,19.98
,,,,,,,,,,,23.12
,,,,,,,,,,,23.63
-25.78,18.0,0.00461,0.53338003,,-6.7865524,,2.71,1.273,1,1,9.57
14.957,,0.00461,0.53338003,,-0.06629975,,,1.273,1,1,9.57
224.56,261.5,0.030840002,0.38167,0.02332,0.5321519,,1.2,0.096,10,10,49.95
107.79,137.49,0.5367,0.21661,0.18359,3.458585,,1.67,0.196,1,1,24.17
82.25,173.89,0.01829,0.41338003,0.052800003,0.8034641,,3.07,0.315,1,1,20.48
,,,,,,,,,,,16.98
,,,,,,,,,,,54.78
,,,,,,,,,,,54.78
,,,,,,,,,,,22.62
,,,,,,,,,,,22.62
,,,,,,,,,,,18.9
,,,,,,,,,,,28.25
0.67,0.87,0.5758,0.16168,0.03066,0.35990182,,4.11,0.824,6,6,27.35
130.43,173.74,0.0631,0.42337,0.05435,0.68842614,,3.59,0.289,7,7,27.27
70.41,93.77,0.051659998,0.48407,0.05,1.4984651,,2.36,0.294,7,8,20.61
,,,,,,,,,,,52.12
,,,,,,,,,,,24.71
,,,,,,,,,,,24.71
,,,,,,,,,,,23.56
,,,,,,,,,,,22.16
,,,,,,,,,,,22.16
,,,,,,,,,,,28.79
,,,,,,,,,,,20.88
,,,,,,,,,,,29.87
,,,,,,,,,,,20.88
,,,,,,,,,,,20.88
,,,,,,,,,,,20.88
,,,,,,,,,,,23.68
,,,,,,,,,,,18.56
,,,,,,,,,,,21.95
,,,,,,,,,,,20.51
,,,,,,,,,,,21.7
,,,,,,,,,,,21.18
19.408,,0.00802,0.98085,0.01086,0.004255537,,,1.423,2,2,6.75
,,,,,,,,,,,52.12
,,,,,,,,,,,25.61
9.153,,0.00464,0.91439,0.03081,0.034439288,,,1.072,10,10,25.48
,,,,,,,,,,,23.83
14.55,20.4,0.29609,0.56098,0.099530004,2.7965374,,2.48,1.169,1,2,23.83
,,,,,,,,,,,23.97
,,,,,,,,,,,23.97
,,,,,,,,,,,23.97
,,,,,,,,,,,22.13
,,,,,,,,,,,22.79
,,,,,,,,,,,27.15
,,,,,,,,,,,25.25
,,,,,,,,,,,26.89
,,,,,,,,,,,22.64
,,,,,,,,,,,20.18
,,,,,,,,,,,22.9
,,,,,,,,,,,25.25
,,,,,,,,,,,22.9
,,,,,,,,,,,22.9
,,,,,,,,,,,55.49
,,,,,,,,,,,22.99
,,,,,,,,,,,22.99
,,,,,,,,,,,55.71
,,,,,,,,,,,21.45
,,,,,,,,,,,24.14
,,,,,,,,,,,22.54
,,,,,,,,,,,20.01
,,,,,,,,,,,20.01
,,,,,,,,,,,21.93
,,,,,,,,,,,21.25
,,,,,,,,,,,18.81
,,,,,,,,,,,25.11
,,,,,,,,,,,21.99
6.491,,0.18948,0.59799,0.090179995,0.014935738,,,0.826,8,9,16.38
,,,,,,,,,,,20.83
,,,,,,,,,,,22.96
,,,,,,,,,,,22.12
,,,,,,,,,,,22.54
,,,,,,,,,,,20.8
,,,,,,,,,,,16.58
,,,,,,,,,,,16.58
,,,,,,,,,,,16.58
,,,,,,,,,,,22.05
,,,,,,,,,,,22.05
,,,,,,,,,,,19.59
,,,,,,,,,,,27.92
,,,,,,,,,,,29.45
,,,,,,,,,,,36.52
,,,,,,,,,,,22.49
,,,,,,,,,,,22.49
,,,,,,,,,,,22.97
,,,,,,,,,,,27.51
,,,,,,,,,,,20.25
,,,,,,,,,,,20.25
,,,,,,,,,,,20.25
,,,,,,,,,,,19.96
,,,,,,,,,,,18.9
,,,,,,,,,,,22.75
,,,,,,,,,,,27.22
,,,,,,,,,,,22.72
,,,,,,,,,,,23.48
,,,,,,,,,,,23.63
,,,,,,,,,,,22.89
,,,,,,,,,,,23.12
,,,,,,,,,,,23.12
,,,,,,,,,,,22.74
,,,,,,,,,,,25.11
,,,,,,,,,,,24.09
,,,,,,,,,,,23.63
,,,,,,,,,,,26.1
111.68,187.53,0.08384,0.40895,0.04098,1.5535944,,1.4,0.895,4,6,29.17
,,,,,,,,,,,22.64
,,,,,,,,,,,22.9
,,,,,,,,,,,22.9
,,,,,,,,,,,22.87
1.13,1.78,0.15098,0.68703,0.45273,3.9964275,,,,9,9,18.02
-1.16,-0.17,0.088479996,0.85599,-0.88462996,5.935234,,,1.553,1,1,19.74
17.42,24.06,0.01944,0.98313004,0.32700002,2.58442,,0.51,1.307,1,1,21.5
,,,,,,,,,,,31.62
,,,,,,,,,,,31.62
,,,,,,,,,,,31.62
,,,,,,,,,,,31.62
,,,,,,,,,,,31.62
,,,,,,,,,,,21.9
,,,,,,,,,,,21.44
,,,,,,,,,,,21.44
,,,,,,,,,,,23.95
,,,,,,,,,,,22.9
,,,,,,,,,,,26.9
266.32,284.53,0.10637,0.41242,0.06225,0.61302245,,4.29,0.987,2,3,26.05
0.06,,0.43919998,0.31308,0.9995,14.255749,,,0.311,,,42.38
,,,,,,,,,,,26.04
3.88,9.49,0.60264,0.20856,0.03708,1.0439664,,4.91,1.261,8,8,18.24
,,,,,,,,,,,39.87
,,,,,,,,,,,20.3
,,,,,,,,,,,26.22
,,,,,,,,,,,23.31
,,,,,,,,,,,23.31
,,,,,,,,,,,22.88
,,,,,,,,,,,22.88
,,,,,,,,,,,23.07
,,,,,,,,,,,23.07
,,,,,,,,,,,22.9
